priority,name,site,link,deadline
NORMAL,WORK AT SHA,Spokane Housing Authority,https://www.spokanehousing.org/employment/,No Date
NORMAL,Credit Building Workshops,SNAP Spokane,https://snapfinancialaccess.org/category/credit/,No Date
NORMAL,We’re hiring!,SNAP Spokane,https://www.snapwa.org/snap-employment/,No Date
NORMAL,Work for SNAP,SNAP Spokane,https://www.snapwa.org/jobs,No Date
NORMAL,Spokane Workforce Council,WorkSource Spokane,https://spokaneworkforce.org/,No Date
NORMAL,CAREER QUEST,WorkSource Spokane,https://worksourcespokane.com/career-worksheet/,No Date
NORMAL,Resource Link,WorkSource Spokane,https://worksourcespokane.com/,No Date
NORMAL,Job Seekers,WorkSource Spokane,https://worksourcespokane.com/job-seekers/job-opportunities/,No Date
NORMAL,Career Exploration,WorkSource Spokane,https://worksourcespokane.com/job-seekers/career-exploration/,No Date
NORMAL,Apprenticeships,WorkSource Spokane,https://worksourcespokane.com/job-seekers/apprenticeships/,No Date
NORMAL,Career Training,WorkSource Spokane,https://worksourcespokane.com/job-seekers/career-training/,No Date
NORMAL,Layoff Services,WorkSource Spokane,https://worksourcespokane.com/job-seekers/layoff-services/,No Date
NORMAL,Technology & Internet Access,WorkSource Spokane,https://worksourcespokane.com/job-seekers/technology-internet-access/,No Date
NORMAL,Workshops,WorkSource Spokane,https://worksourcespokane.com/job-seekers/workshops/,No Date
NORMAL,Business Services,WorkSource Spokane,https://worksourcespokane.com/employers/businessservices/,No Date
NORMAL,Hiring & Recruiting,WorkSource Spokane,https://worksourcespokane.com/employers/hiring-and-recruiting/,No Date
NORMAL,Labor Market Data,WorkSource Spokane,https://worksourcespokane.com/employers/labormarketdata/,No Date
NORMAL,Hiring Events,WorkSource Spokane,https://worksourcespokane.com/employers/hiring-events/,No Date
NORMAL,Layoff Support,WorkSource Spokane,https://worksourcespokane.com/employers/layoffsupport/,No Date
NORMAL,Business Resources,WorkSource Spokane,https://worksourcespokane.com/employers/business-resources/,No Date
NORMAL,Find Help,WorkSource Spokane,https://worksourcespokane.com/find-help/,No Date
NORMAL,Events,WorkSource Spokane,https://worksourcespokane.com/events,No Date
NORMAL,About Us,WorkSource Spokane,https://worksourcespokane.com/about-us/,No Date
NORMAL,Meet the Team,WorkSource Spokane,https://worksourcespokane.com/about-us/meet-the-team/,No Date
NORMAL,Affiliated Offices,WorkSource Spokane,https://worksourcespokane.com/about-us/affiliated-offices/,No Date
NORMAL,Contact Us,WorkSource Spokane,https://worksourcespokane.com/contact/,No Date
NORMAL,Home,WorkSource Spokane,https://worksourcespokane.com,No Date
NORMAL,Job Seekers,WorkSource Spokane,https://worksourcespokane.com/?page_id=15,No Date
NORMAL,WorkSource WA Statewide Website,WorkSource Spokane,https://worksourcespokane.com/job-seekers/job-opportunities/#worksource-wa-website,No Date
NORMAL,Career Explore NW,WorkSource Spokane,https://worksourcespokane.com/job-seekers/job-opportunities/#career-explore-nw,No Date
NORMAL,Online Job Boards,WorkSource Spokane,https://worksourcespokane.com/job-seekers/job-opportunities/#online-job-boards,No Date
NORMAL,Event Calendar: Hiring Events & Job Fairs,WorkSource Spokane,https://worksourcespokane.com/job-seekers/job-opportunities/#events-calendar,No Date
NORMAL,Visit WorkSource WA here,WorkSource Spokane,https://worksourcewa.com/,No Date
NORMAL,official website here.,WorkSource Spokane,https://www.careerexplorenw.org/,No Date
NORMAL,Login/Register here,WorkSource Spokane,https://secure.esd.wa.gov/home/worksourcewa/seeker/account/login?status=0&language=en,No Date
NORMAL,Click Here to View our Hiring Events,WorkSource Spokane,https://worksourcespokane.com/events/,No Date
NORMAL,Career Quest Tool,WorkSource Spokane,https://worksourcespokane.com/career-quest/,No Date
NORMAL,Accessibility,WorkSource Spokane,https://worksourcespokane.com/accessibility/,No Date
NORMAL,WorkSource WA,WorkSource Spokane,https://www.worksourcewa.com/,No Date
NORMAL,Spokane Workforce Council,WorkSource Spokane,https://wdcspokane.com/,No Date
NORMAL,Facebook,WorkSource Spokane,https://www.facebook.com/spokaneworksource/,No Date
NORMAL,LinkedIn,WorkSource Spokane,https://www.linkedin.com/company/worksourcespokane/,No Date
NORMAL,Privacy Policy,WorkSource Spokane,https://worksourcespokane.com/privacy-policy/,No Date
NORMAL,spokaneworkforce.org/funding,WorkSource Spokane,https://spokaneworkforce.org/funding,No Date
NORMAL,Ally by Elementor,WorkSource Spokane,https://go.elementor.com/acc-wp-dash-footer-main?utm_source=worksourcespokane.com,No Date
NORMAL,Sasquatch Careers,SCC Workforce Transitions,https://spokanecc-csm.symplicity.com,No Date
NORMAL,Career Services,SCC Workforce Transitions,https://scc.spokane.edu/for-our-students/getting-help/career-services,No Date
NORMAL,Employment,SCC Workforce Transitions,https://ccs.spokane.edu/working-for-us,No Date
NORMAL,Career Services,SCC Workforce Transitions,https://scc.spokane.edu/for-our-students/student-resources/career-services,No Date
NORMAL,Employment & Career Resources,SCC Workforce Transitions,https://scc.spokane.edu/for-our-students/student-resources/career-services/employment-career-resources,No Date
NORMAL,Career Advising,SCC Workforce Transitions,https://scc.spokane.edu/for-our-students/student-resources/career-services/career-advising,No Date
NORMAL,Career and Resource Expo,SCC Workforce Transitions,https://scc.spokane.edu/for-our-students/student-resources/career-services/career-and-resource-expo,No Date
NORMAL,Career Opportunities,SCC Workforce Transitions,https://scc.spokane.edu/for-our-students/student-resources/career-services/career-opportunities,No Date
NORMAL,Employer Resources,SCC Workforce Transitions,https://scc.spokane.edu/for-our-students/student-resources/career-services/employer-resources,No Date
NORMAL,Passport to Careers,SCC Workforce Transitions,https://scc.spokane.edu/for-our-students/student-resources/multicultural-center/passport-to-careers,No Date
NORMAL,VA Work Study,SCC Workforce Transitions,https://scc.spokane.edu/for-our-students/student-resources/veterans-one-stop/veteran-work-study-facts,No Date
NORMAL,Basic Food Employment and Training Application,SCC Workforce Transitions,https://signnow.com/s/6q2wy28a,No Date
NORMAL,www.WashingtonPassportNetwork.org,SCC Workforce Transitions,http://www.washingtonpassportnetwork.org/,No Date
NORMAL,WorkFirst Application,SCC Workforce Transitions,http://signnow.com/s/6q2wy28a,No Date
